ABW,T1,4-4-6-6-6-8_2
ACO,T1,4-4-4-8_2-8_2-8_2
AEI,T1,4-4-4-6-8-8
AEI,T2,4-4-4-6-8-8
AEI,T3,4-4-4-6-8-8
AEL,T1,4-6-6_2-6_2-6_3-6_3
AEL,T2,4-6-6_2-6_2-6_3-6_3
AEL,T3,6-6_2-6_2-6_2-6_2-6_2
AEN,T1,4-6_2-6_3-6_3-8-8_2
AEN,T2,4-6-6-6_2-6_2-6_4
AEN,T3,4-6_2-6_2-6_3-6_3-8
AET,T1,4-6-6_2-6_2-6_3-6_3
AET,T2,4-6_2-6_2-6_2-6_3-6_3
AET,T3,4-6-6_2-6_2-6_3-6_3
AET,T4,6-6_2-6_2-6_2-6_2-6_2
AET,T5,4-4-6-6_3-6_3-6_4
AFG,T1,4-4-6-6-6-6
AFG,T2,4-4-6-6-6-6
AFG,T3,4-4-6-6-6-6
AFI,T1,4-6-6_2-6_2-6_3-6_3
AFN,T1,4-4-4-6-8_2-8_4
AFN,T2,4-4-4-6-6_2-8_2
AFN,T3,4-4-4-6-8-8_7
AFN,T4,4-4-6-8-8-8_2
AFO,T1,4-6-6_2-6_2-6_3-6_3
AFO,T2,4-6-6-6_2-6_3-6_3
AFO,T3,4-6_2-6_2-6_2-6_3-6_3
AFO,T4,6-6_2-6_2-6_2-6_2-6_2
AFR,T1,4-4-4-6-6_2-8
AFR,T2,4-4-4-6_3-8-8
AFR,T3,12-4-4-4-6-6_3
AFR,T4,12-4-4-6-6-6
AFS,T1,4-4-4-6_2-8-8_2
AFS,T2,12-4-4-4-6-6
AFS,T3,4-4-4-8-8-8
AFT,T1,4-4-4-6-8-8
AFT,T2,4-4-4-6-8-8
AFT,T3,4-4-4-6-8-8
AFV,T1,4-4-4-6-6-8
AFV,T2,4-4-4-6-8-8
AFV,T3,4-4-6-6-8-8
AFX,T1,4-4-4-6-8-8
AFX,T2,4-4-4-6-8-8
AFY,T1,12-4-4-4-4-8
AFY,T2,4-4-4-8-8-8
AHT,T1,4-6-6-6_2-6_3-6_3
AHT,T2,4-4-6-6_3-6_3-6_4
ANA,T1,4-4-6-6-8_4-8_4
APC,T1,4-4-4-8-8_2-8_2
APC,T2,4-4-6-6-6-8_2
APD,T1,4-4-6_2-6_3-8_3-8_3
APD,T2,4-6-6-6_2-6_2-6_3
AST,T1,4-4-4-6-6-6
AST,T2,6-6-6-6-6-6
ASV,T1,4-4-4-6-6-6
ASV,T2,12_8-12_8-6-6-6_2-6_2
ATN,T1,4-4-6-6-6-8
ATO,T1,4-6-6-6_2-6_2-6_3
ATS,T1,4-4-6-6-6-6_2
ATS,T2,12_2-4-4-6-6_2-6_2
ATS,T3,12_2-4-4-6-6_2-6_2
ATT,T1,4-4-4-6-8-8
ATT,T2,4-4-6-8_2-8_2-8_2
ATV,T1,4-6-6_2-6_2-6_3-6_3
ATV,T2,6-6-6_2-6_2-6_2-6_2
AVE,T1,4-4-4-6-6-8
AVE,T2,4-4-6-6-6-8
AVE,T3,4-4-6-6-6-8
AVE,T4,4-4-4-6-6-8
AVL,T1,4-4-4-6-8-8
AVL,T2,4-4-4-6-6-8
AVL,T3,4-4-4-6-8-8
AVL,T4,4-4-6-6-8-8
AWO,T1,4-4-6-6_2-8_2-8_3
AWO,T2,4-4-6-6-8-8_2
AWO,T3,4-4-4-6-8-8_3
AWW,T1,4-4-6-6-6-8
AWW,T2,4-4-4-6-6-6
BCT,T1,4-6-6-6-6-6_2
BEA,T1,12_3-4-4-5-5-5
BEA,T2,12_6-4-4-5-5-5
BEA,T3,12_3-4-4-5-5-6
BEA,T4,12_6-4-4-5-5-6
BEA,T5,4-5-5-5-5_2-6
BEA,T6,4-5-5-5-5_2-6
BEA,T7,12_5-5-5-5-5_2-6
BEA,T8,12_7-5-5-5_2-6-6
BEA,T9,12_3-5-5-5-5-5_2
BEC,T1,12_6-4-4-4-5-6
BEC,T2, 6-12_5-5-5-5_2-6
BEC,T3,4-5-5-5_2-6-6
BIK,T1,5-5-5-5-6-8_2
BIK,T2,5_2-6-6-6-6-6_2
BOF,T1,4-5-5-6-6_2-6_2
BOF,T2,10-4-5-5-6-6
BOF,T3,10_2-4-4-5-6-6_2
BOG,T1,12_2-4-4-5-5-6
BOG,T2,10-12-4-4-5-6_2
BOG,T3,10_3-4-5-5-5_2-6
BOG,T4,10_5-4-5-5-6_3-6_3
BOG,T5,10-4-5-5-5-6_2
BOG,T6,4-5-5-5-6-6_2
BOZ,T1,10-3-3-8-8-8
BOZ,T2,3-4-6-8-8-8
BOZ,T3,10-3-3-8-8-8
BOZ,T4,10-10-3-3-8-8
BOZ,T5,10-10-3-3-8-8
BOZ,T6,10-10-3-3-8-8
BOZ,T7,10-3-3-6-8-8
BOZ,T8,10-10-10-10-3-3
BPH,T1,4-4-4-6_2-8-8_2
BPH,T2,12-4-4-4-6-6
BPH,T3,4-4-4-8-8-8
BRE,T1,4-4-5-5-6-8
BRE,T2,4-4-5-5-6-8
BRE,T3,4-5-5-8-8-8_2
BRE,T4,4-5-5-5_2-6-8
BSV,T1,12_69-12_69-4-4-4-6
CAN,T1,4-4-6-6-6-6
CAS,T1,5-5-5-5-6-8_2
CAS,T2,5-5-6-6-6_2-8_2
CAS,T3,5-5-5_2-6-6-6
CDO,T1,5-5-5-5-5_2-8
CDO,T2,*-5-5-5_2-5_2-8
CDO,T3,5-5-5_2-8_2-8_2-8_2
CDO,T4,5-5-5-5-5_2-8_2
CFI,T1,4-4-5-6-6-6
CFI,T2,5-5-5_2-6-6-6
CFI,T3,5-5-5-6-6-6_2
CFI,T4,*-14_14-5-5-5-5
CFI,T5,5-5-5-5-5-6_2
CGF,T1,4-6_3-6_3-8-8-8
CGF,T2,4-4-6-6-6-6_2
CGF,T3,4-4-4-6-6-6_2
CGF,T4,4-4-4-6_3-6_3-8
CGF,T5,10-10-4-4-6_2-6_2
CGS,T1,4-4-4-6-6-8
CGS,T2,10_2-4-4-4-8-8_6
CGS,T3,10-4-4-4-6-8_2
CGS,T4,10-4-4-4-8-8_4
CHA,T1,4-4-4-6-8-8
CHI,T1,4-6-6-6_2-6_2-6_3
CHI,T2,10_2-4-5-6-6_3-9
CHI,T3,4-5-9
CHI,T4,10-10-4-4-5-9
CLO,T1,12-4-4-4-6-6
CLO,T2,4-4-4-6-6-8
CLO,T3,20_8-4-4-4-6-6
CLO,T4,4-4-4-6-6-8
CLO,T5,4-4-4
CON,T1,10_4-4-4-5-5-6_2
CON,T2,10_2-4-5-5-5-6
CON,T3,10_4-4-4-5-6-6_2
CON,T4,12_7-4-4-5-5-6_2
CON,T5,12_4-4-4-5-5-6_2
CON,T6,4-5-5_2-6-6_2-6_2
CON,T7,10_2-4-5-5-6-6_2
CSV,T1,5-5-5_2-6-6-8
CSV,T2,4-4-4-5-6-8
CSV,T3,4-4-5-5-6-6
CSV,T4,10-4-4-5-5-8
CSV,T5,10-5-5-6-6-6
CSV,T6,10-4-4-5-6-6
CSV,T7,10-4-4-4-5-8
CSV,T8,4-4-5-5-6-6_2
CSV,T9,4-4-4-5-6-6
CSV,T10,4-5-5-5_2-6-6
CTH,T1,10-5-5-5-5-6_2
CTH,T2,10-5-5-5-5-6_2
CTH,T3,5-5-5-5-5-6_2
CTH,T4,10-4-4-4-5-5
CTH,T5,10-4-4-4-5-5
CTH,T6,10-5-5-5_2-6-6
CTH,T7,5-5-5-5_2-6-6
CTH,T8,10-5-5-5_2-6-6
CTH,T9,5-5-5-5_2-6-6
CTH,T10,*-14_6-5-5-5-5
CTH,T11,*-14_6-5-5-5-5
CZP,T1,4-4-4-8-8-8_6
CZP,T2,4-4-8_3-8_3-8_6-8_6
CZP,T3,4-4-4-4-8-8
DAC,T1,10_2-5-5-5-5_2-8
DAC,T2,5-5-5-5-5_2-8
DAC,T3,4-5-5-5_2-8-8
DAC,T4,4-5-5-5_2-8-8
DDR,T1,4-5-5-5-5-8
DDR,T2,5-5-5-5-5-5
DDR,T3,5-5-5-5-5-6
DDR,T4,5-5-5-5-5-8
DDR,T5,4-4-5-5-6-8
DDR,T6,5-5-5-5-5-5
DDR,T7,5-5-5-5-5-5
DFO,T1,12-4-4-4-6_3-6_3
DFO,T2,4-4-6-6_2-6_2-8
DFO,T3,10-4-4-6-6_3-6_3
DFO,T4,4-4-4-6-6_2-8
DFO,T5,4-4-4-6-6-6_2
DFO,T6,10-12-4-4-6_2-6_2
DFT,T1,4-4-6_2-6_2-8_3-8_3
DOH,T1,5-5-5-5-5-6
DOH,T2,4-5-5-5-6-6
DOH,T3,5-5-5-5-5-6
DOH,T4,5-5-5-5-5-5
DON,T1,4-4-5-6-6-6_2
DON,T2,4-4-5-6-6-6_2
DON,T3,5-6-6-6_2-6_2-6_2
DON,T4,5-5-6-6-6-6_2
DON,T5,5-5-6_2-6_2-6_2-6_2
EAB,T1,4-4-4-6-6-8
EAB,T2,4-4-6-6-8-8
EDI,T1,4-4-4_2-8_3-8_3-8_4
EDI,T2,4_2-4_2-8_4-8_4-8_4-8_4
EEI,T1,5-5-5-5-6_2-8
EEI,T2,5-5-5-5_2-6-6
EEI,T3,5-5-5-6-6-6
EEI,T4,4-5-5-5-5-6
EEI,T5,4-5-5-5-5-8
EEI,T6,5-5-5_2-6-6-8
EEI,T7,5-5-5-5-5-6_2
EEI,T8,*-12_4-5-5-5-5
EEI,T9,5-5-5-6-6-6_2
EEI,T10,*-12_6-5-5-5-5
EMT,T1,12-4-4-4-6-6
EMT,T2,12-4-4-4-6-6
EMT,T3,12-4-4-4-6-6
EMT,T4,12-4-4-4-6-6
EON,T1,12-4-4-5-5-8
EON,T2,12-4-4-5-5-8
EON,T3,12-4-4-5-5-8
EON,T4,12-5-5-5-5_2-8
EON,T5,5-5-5-5-5_2-8
EON,T6,4-4-5-6-8_2-8_2
EON,T7,4-4-5-6-8_2-8_2
EON,T8,4-4-5-6-8_2-8_2
EON,T9,4-5-5-5_2-8_2-8_2
EON,T10,4-5-5-5_2-8-8
EPI,T1,4-5-5-5_2-8-8
EPI,T2,10_2-5-5-5-5_2-8
EPI,T3,5-5-5-5-5_2-8
ERI,T1,4-4-4-6-6-8
ERI,T2,4-4-6-6-8-8
ESV,T1,4-4-5-5-6-8
ESV,T2,4-4-5-6-6-8
ESV,T3,4-4-5-6-6-8
ESV,T4,4-4-5-6-6-8
ESV,T5,4-5-5-6-6-6
ESV,T6,4-5-5-5-6-6
ETL,T1,4-4-5-6-8-8_2
ETL,T2,5-5-5-5-5_2-8
ETL,T3,4-5-5-5_2-8-8
ETL,T4,5-5-5-5-5-8_2
ETL,T5,5-5-5_2-8_2-8_2-8_2
ETL,T6,5-5-5_2-6-8_2-8_2
ETR,T1,10_3-4-4-4-8-8_4
ETR,T2,4-4-4-6-8-8_6
ETR,T3,10_4-4-4-4-6-8_2
ETR,T4,4-4-4-6-6-8
ETV,T1,10_3-4-5-5-6-8
ETV,T2,4-4-4-5-5-8
ETV,T3,10_2-4-4-6-8-8
ETV,T4,4-4-4-6-8-8
ETV,T5,4-4-5-5-6_2-8
ETV,T6,10-10_2-4-4-5_2-8
ETV,T7,4-4-4-5-5-6
EUO,T1,10-4-5-5-5_2-6
EUO,T2,5-5-5-6-6-6
EUO,T3,5-5-5-5_2-6-6
EUO,T4,10-5-5-5-5-6_2
EUO,T5,5-5-5-5-5-6_2
EUO,T6,*-12_2-5-5-5_2-5_2
EUO,T7,5-5-5-6-6-6_2
EUO,T8,*-12_4-5-5-5-5
EUO,T9,4-5-5-5-5-6
EUO,T10,10-4-5-5-5-5
EWO,T1,5-5-5_2-6-6-6
EWO,T2,5-5-6-6-6-6_2
EWO,T3,5-5-5-5-6-6_2
EWO,T4,10_2-10_6-5-5-5-5
EWS,T1,10-10-5-5-5_2-6
EWS,T2,12-12_4-5-5_2-5_2-6_2
EWS,T3,10-5-5-5-5-5_2
EWS,T4,4_2-5-5-5-6-6
EWS,T5,10-4-4-4-5-5_2
EWS,T6,4_2-5-5-6-6-6_2
EWS,T7,5-5-5-5-5_2-6
EWT,T1,10-5-5-5-5_2-6
EWT,T2,10_2-5-5-5-5_2-6
EWT,T3,10_2-5-5-5-5_2-7
EWT,T4,*-*-*-4-4-5
EWT,T5,10-5-5-5-5_2-6
EWT,T6,10_2-5-5-5-5-6
EWT,T7,10_2-4-5-5-5_2-7
EWT,T8,4-5-5-5-5-7
EWT,T9,4-5-5-5-5-6
EWT,T10,10_3-4-4-5-5-7
EWT,T11,*-*-*-4-5-5
EWT,T12,5-5-5-5-5-5
EWT,T13,5-5-5-5-5-5
EZT,T1,4-4-6-6-6_2-8
EZT,T2,12_18-4-4-6_2-6_2-6_2
EZT,T3,4-4-6-6-6_2-8
EZT,T4,12_26-4-4-4-6-6
EZT,T5,4-4-4-6_2-6_2-8
FAR,T1,4-4-6-6-6-6
FAR,T2,4-4-6-6-6-6
FAR,T3,4-4-6-6-6-6
FAR,T4,4-4-6-6-6-6
FAU,T1,12-4-4-4-6-6
FER,T1,5-5-5-5-5_2-8
FER,T2,5-5-5_2-6-8-8
FER,T3,10_2-12_2-5-5-5_2-5_2
FER,T4,5-5-5-5-5_2-6
FRA,T1,4-4-6-6-6-6
FRA,T2,4-4-6-6-6-6
FRA,T3,4-4-6-6-6-6
FRA,T4,4-4-6-6-6-6
FRA,T5,4-4-6-6-6-6
FRA,T6,4-4-6-6-6-6
GIS,T1,4-4-4-8-8-8_2
GIU,T1,4-4-6-6-6-6
GIU,T2,4-4-6-6-6-6
GIU,T3,4-4-6-6-6-6
GIU,T4,4-4-6-6-6-6
GIU,T5,4-4-6-6-6-6
GME,T1,4-4-4-6-8-8
GON,T1,5-5-5_2-6-6-6
GON,T2,12_6-5-5-6-6-6
GON,T3,4-5-5-6-6-6_2
GON,T4,4-5-5-6-6-6_2
GOO,T1,4-4-4-6_2-8_2-8_5
GOO,T2,4-4-6-6_3-8_2-8_3
GOO,T3,4-4-4-6-8_2-8_2
GOO,T4,4-4-6_4-8_2-8_2-8_4
GOO,T5,10_6-4-4-8_2-8_3-8_3
HEU,T1,4-4-5-5-5-8
HEU,T2,4-5-5-8-8-8
HEU,T3,4-4-5-5-5-8
HEU,T4,4-5-5-5-5-8
HEU,T5,10-10-5-5-5_2-5_2
IFO,T1,4-6-6_2-6_2-6_3-6_4
IFO,T2,16_20-4-4-6_2-6_3-6_3
IFO,T3,4-6-6-6_2-6_3-6_3
IFO,T4,4-6-6_2-6_2-6_2-6_4
IFR,T1,12_3-4-5-6-6-6_2
IFR,T2,4-4-5-5-6-6_2
IFR,T3,4-4-5-6-6-6_2
IFR,T4,12_5-4-4-5-6-6_2
IFT,T1,14_3-4-4-4-5-6_2
IFT,T2,14-4-4-4-5-6_2
IFT,T3,14-4-4-4-5-5
IFT,T4,14_3-4-4-4-5-5
IFT,T5,14-16-5-5-5-5_2
IFT,T6,14_2-5-5-5-5_2-6
IFT,T7,14-3-4-4-5-5
IFT,T8,14-14-5-5-5_2-6
IFT,T9,*-*-*-5-5-6
IFT,T10,5-5-5-5_2-5_2-6_2
IFT,T11,5-5-5-5-6_2-6_2
IFT,T12,14_2-3-4-4-5-5
IFU,T1,14-4-4-4-5-6
IFU,T2,12-4-4-4-5-5
IFU,T3,12-4-4-4-5-6
IFU,T4,4-4-4-5-5-8
IFU,T5,14-4-4-4-5-5
IFU,T6,12-4-5-5-5-8
IFU,T7,14-4-4-4-5-6
IFU,T8,*-4-4-5-5-5
IFU,T9,*-*-*-5-5-5
IFW,T1,10-4-4-5-5-6
IFW,T2,10-4-4-4-5-6
IFW,T3,4-4-5-5-6-8
IFW,T4,4-5-5-6-6-8
IFW,T5,5-5-5-6-6-8
IFW,T6,4-4-5-5-6-8
IFW,T7,4-5-5-5-5-6
IFW,T8,4-5-5-5-5-6_2
IFW,T9,10-4-5-5-5-5
IFW,T10,4-5-5-5-5-6_2
IFY,T1,4-4-6-6-6_2-8
IFY,T2,4-4-4-6-6-8
IFY,T3,4-4-6-6-8_2-8_2
IFY,T4,4-4-4-4-6-6
IHW,T1,4-5-5-5-5-8
IHW,T2,5-5-5-5-5-8
IHW,T3,5-5-5-5-5-6
IHW,T4,5-5-5-5-6_2-8
IHW,T5,5-5_2-6-6-6_2-8
IHW,T6,5-5-5-5-5-6_2
IHW,T7,*-12-5-5-5-5
IHW,T8,5-5-5-5-5-6_2
IHW,T9,*-12_6-5-5-5-5
IMF,T1,10_3-5-5-5-5-5_2
IMF,T2,5-5-5-5-6-6_2
IMF,T3,10_2-5-5-5-5-5_2
IMF,T4,10_3-5-5-5-5_2-6
IMF,T5,10_3-5-5-5-5_2-6
IMF,T6,10_3-5-5-5-5_2-6
IMF,T7,5-5-5-5-5-6
IMF,T8,10_2-5-5-5_2-6-6_2
IMF,T9,10_2-5-5-5-6-6_2
IMF,T10,10_2-5-5-5-5-5_2
IMF,T11,10-10-4-5-5_2-6_2
IMF,T12,10_2-4-5-5-6-6_2
IMF,T13,*-10_2-5-5-5_2-5_2
IMF,T14,10_2-5-5-5-5-5_2
IMF,T15,*-5-5-5_2-5_2-6
IMF,T16,5-5-5-5-5_2-6
IMF,T17,10-12_2-5_2-5_2-6_2-6_2
IMF,T18,*-5_2-5_2-6-6_2-6_2
IMF,T19,10_2-4-4-5-5-6
IMF,T20,4-5-5-5-5-6
IMF,T21,4-5-5-5-5-6_2
IMF,T22,4-5-5-5-5-6_2
IMF,T23,10_3-4-5-5-5-5
IMF,T24,10-10_2-4-4-5-5
IRN,T1,4-4-4-5-6-6
IRN,T2,4-4-4-6-6-7
IRN,T3,4-5-6-6-6-7
IRN,T4,10-4-4-4-6-6
IRN,T5,10-4-4-4-5-5
IRN,T6,4-4-4-7-7-8
IRN,T7,4-4-4-6-6-8
IRN,T8,4-4-5-5-6-7
IRN,T9,10-5-5-5-5-6
IRR,T1,12-4-4-4-5-6_2
IRR,T2,12-12-5-5-5_2-6
IRR,T3,12_2-3-4-4-5-5
IRR,T4,5_2-5_2-5_2-6_2-6_2-6_2
IRY,T1,15-4-4-4-5-6
IRY,T2,15-4-4-4-5-5
IRY,T3,16-16-5-5-5-5_2
IRY,T4,16_2-3-4-4-5-5
IRY,T5,*-*-*-5_2-5_2-5_2
ISV,T1,12_5-5-5-5_2-6-6
ISV,T2,12_7-4-4-4-5-6
ISV,T3,12_4-4-4-4-5-6
ISV,T4,4-5-5-5_2-6-6
ISV,T5,4-5-5-5_2-6-6
ITE,T1,4-5-5-6-6-8
ITE,T2,4-4-5-5-8-8
ITE,T3,4-4-5-5-5-6
ITE,T4,4-4-5-5-5-8
ITG,T1,10-4-4-4-5-6
ITG,T2,10-4-4-4-5-6
ITG,T3,10_2-4-4-4-6-6_2
ITG,T4,10_4-4-4-4-6-6_2
ITG,T5,12_7-4-4-5-5-6_2
ITG,T6,12_7-4-5-5-5-6_2
ITG,T7,10_3-5-5-5-6-6_2
ITG,T8,10_6-4-5-5-5-6
ITG,T9,4-5-5-5-5_2-6
ITG,T10,10_3-5-5-5_2-6-6
ITG,T11,10-5-5-5-5_2-6
ITG,T12,10_2-4-5-5-6-6_2
ITG,T13,4-5-5-5_2-6-6
ITG,T14,4-5_2-6-6-6_2-6_2
ITG,T15,4-5_2-6-6-6_2-6_2
ITG,T16,4-5-5-5_2-6-6
ITH,T1,10_2-4-4-4-6_2-6_2
ITH,T2,5-5-6-6-6_2-9_2
ITH,T3,10_2-4-4-4-6-6_2
ITH,T4,5-5-5-6-6_2-9
ITH,T5,4-5-5-5-6_2-9_2
ITH,T6,4-5_2-6-6-6_2-6_2
ITH,T7,4-5_2-6_2-6_2-6_2-6_2
ITH,T8,4-5-5-6_2-6_2-9_2
ITH,T9,4-5-5-5-6_2-6_2
ITN,T1,10-4-4-5-5-5
ITN,T2,10-5-5-5-5_2-6
ITN,T3,4-5-5-5-5_2-6
ITN,T4,10-4-5-5-5-6
ITN,T5,4-5-5-5-5_2-6
ITN,T6,10_2-5-5-5-5_2-6
ITN,T7,10_2-4-4-5-5-6
ITN,T8,4-5-5-5-5_2-6
ITN,T9,10-5-5-5-5-5_2
ITN,T10,10-5-5-5-5-5_2
ITN,T11,10_2-4-4-5-5-5
ITN,T12,10_2-4-4-5-5-5
ITN,T13,10-12_5-5-5-5-5_2
ITN,T14,4-5-5-5-5_2-6
ITN,T15,4-5-5-5-5_2-6
ITN,T16,*-*-*-10-5-5
ITN,T17,10-12_2-5-5-5_2-6
ITN,T18,10_2-4-4-5-5-6
ITN,T19,10_2-4-4-5-5-6
ITN,T20,10-5-5-5-5_2-6
ITN,T21,10-5-5-5-5-5_2
ITN,T22,10_2-5-5-5-5-5_2
ITN,T23,10_2-4-4-5-5-5
ITN,T24,4-5-5-5-5_2-6
ITN,T25,10-4-5-5-5-6
ITN,T26,10-5-5-5_2-6-6
ITN,T27,10-4-4-5-5-6
ITR,T1,5-5-5-6-6_2-9
ITR,T2,5-5-6-6-6_2-9_2
ITR,T3,4-5-5-5-6_2-9_2
ITR,T4,10_2-4-4-4-6-6_2
ITR,T5,10_2-4-4-4-6_2-6_2
ITR,T6,4-5_2-6-6-6_2-6_2
ITR,T7,4-5_2-6_2-6_2-6_2-6_2
ITR,T8,4-5-5-5-6_2-6_2
ITR,T9,4-5-5-6_2-6_2-9_2
ITT,T1,10-4-4-4-5-6_2
ITT,T2,10-10-5-5-5_2-6
ITT,T3,10_2-3-5-5-5-5
ITT,T4,5_2-5_2-5_2-6_2-6_2-6_2
ITV,T1,*-4-4-4-6-6_2
ITV,T2,4-4-4-6-6_2-6_2
ITV,T3,*-6-6-6_2-6_2-6_2
ITV,T4,*-4-4-4-6-6_2
ITV,T5,4-4-4-6-6_2-6_2
ITV,T6,*-4-4-4-6_2-6_2
ITV,T7,*-*-*-4-4-4
ITV,T8,*-*-*-4-4-4
ITV,T9,4-4-4-6_2-6_2-6_2
ITV,T10,6-6-6-6_2-6_2-6_2
ITW,T1,5-5-5-6-8-8
ITW,T2,4-4-4-5-6-8_2
ITW,T3,4-4-4-5-6-8_2
IWR,T1,10_4-4-4-4-6-6_2
IWR,T2,10_2-4-5-5-6-6_2
IWR,T3,12_7-4-4-5-5-6_2
IWR,T4,4-5_2-6-6-6_2-6_2
IWS,T1,12_3-4-4-4-5-6
IWS,T2,12_3-4-4-4-5-6_2
IWS,T3,4-5-5-5_2-6-6
IWS,T4,12_4-4-4-4-6_2-6_2
IWS,T5,12-5-5-6-6-6_2
IWS,T6,12_3-5-5-5_2-6-6
IWS,T7,4-5_2-6_2-6_2-6_2-6_2
IWV,T1,12-5-5-5-5-6_2
IWV,T2,12-4-4-4-5-5
IWV,T3,12-4-5-5-5_2-6
IWV,T4,*-14_2-5-5-5_2-5_2
IWV,T5,5-5-5-5-5-6_2
IWV,T6,5-5-5-5_2-6-6
IWV,T7,*-14_6-5-5-5-5
IWW,T1,10-4-4-4-5-6
IWW,T2,10_4-4-4-4-6-6_2
IWW,T3,10_2-4-4-4-6-6_2
IWW,T4,10-4-4-4-5-6
IWW,T5,5-5-5-6-6_2-8
IWW,T6,10-5-5-5-5_2-6
IWW,T7,5-5-5_2-6-8-8_2
IWW,T8,10_2-4-5-5-6-6_2
IWW,T9,4-5-5-5-8_2-8_2
IWW,T10,4-5-5-5-5_2-8_2
IWW,T11,12_7-4-5-5-5-6_2
IWW,T12,12_7-4-4-5-5-6_2
IWW,T13,4-5-5-5_2-6-6
IWW,T14,4-5_2-6-6-6_2-6_2
IWW,T15,4-5_2-6-6-6_2-6_2
IWW,T16,4-5-5-5_2-6-6
JBW,T1,4-4-6-6_2-6_2-8_2
JBW,T2,6-6-6-6-6_2-6_2
JNT,T1,4-4-6-6-6_2-8_3
JNT,T2,4-6-6-6-6_4-8_6
JNT,T3,4-4-4-6-8_2-8_6
JNT,T4,4-4-6-6-6_3-8_7
JNT,T5,4-4-6-6-6_2-8
JNT,T6,4-4-6-6-6_3-8_8
JNT,T7,4-6-6-6-6_4-8_4
JNT,T8,4-4-4-6-8_5-8_6
JOZ,T1,3-4-8-8-8-8_2
JOZ,T2,3-4-8-8-8-8_2
JOZ,T3,3-3-8-8-8-8
JRY,T1,4-4-6-6-6_3-6_4
JRY,T2,4-6-6_2-6_2-6_2-6_3
JRY,T3,10_9-4-6-6-6_3-6_3
JSN,T1,4-4-6_3-8-8-8_2
JSN,T2,4-4-4-6-6_3-8
JSN,T3,4-4-6-6-6-8
JSN,T4,4-4-4-6-6_2-8
JSR,T1,11-11-3-4-4-6
JSR,T2,11-11-11-11-3-3
JSR,T3,11-11-3-4-4-6
JSR,T4,11-11-11-3-3-6
JST,T1,10-10-10_2-3-3-6
JST,T2,10-10-10_2-10_2-3-3
JSW,T1,4-4-6-6-6-8_2
JSW,T2,4-4-6-6-8_2-8_2
JSW,T3,4-4-6-6_2-6_2-6_3
JSW,T4,4-6-6-6-6_3-8_4
JSW,T5,4-4-6-6_2-6_2-8_2
JSW,T6,4-4-4-6-6-8
KFI,T1,4-4-4-6-8-8
LAU,T1,10_4-4-4-6-6-6_2
LAU,T2,10_2-4-4-6-6-6_2
LAU,T3,4-4-6-6-6_3-6_3
LEV,T1,4-4-4-6-6-8
LEV,T2,4-4-6-6-8-8
LIO,T1,4-4-6-6-6-6
LIO,T2,4-4-6-6-6-6
LIO,T3,4-4-6-6-6-6
LIO,T4,4-4-6-6-6-6
LIT,T1,4-6-6
LIT,T2,4-4-6-6-8-8_2
LIT,T3,4-6-6-8-8-8_3
LOS,T1,4-4-6-6-6-6
LOS,T2,4-4-6-6-6-6
LOV,T1,4-4-6_2-6_2-8-8
LOV,T2,3-4-8_3-8_3-9_4-9_4
LOV,T3,3-3-9_4-9_4-9_4-9_4
LTA,T1,4-4-4-6-6-8
LTF,T1,4-4-5-5-8-8
LTF,T2,4-4-4-6-8-8
LTF,T3,12-4-4-5-5-8
LTF,T4,4-4-6-6-8-8
LTF,T5,4-4-5-6-8_2-8_2
LTF,T6,4-4-5-6-8_2-8_2
LTJ,T1,4-4-6-6_3-8_3-8_4
LTJ,T2,4-4-6-6_2-8_4-8_4
LTL,T1,4-4-4-6-6-8
LTL,T2,12-4-4-6-8_3-8_3
LTN,T1,4-4-6-6-6-6
LTN,T2,4-4-6-6-6-6
LTN,T3,4-4-6-6-6-8
LTN,T4,4-4-4-6-6-8
MAR,T1,4-4-6-6-6-6
MAR,T2,4-4-6-6-6-6
MAR,T3,4-4-6-6-6-6
MAR,T4,4-4-6-6-6-6
MAZ,T1,12-4-4-5-5-8
MAZ,T2,4-4-5-6-8_2-8_2
MEI,T1,12-4-4-4-5-7
MEI,T2,12-4-4-5-5-7
MEI,T3,3-5-5-5-5-7
MEI,T4,4-4-4-7-7-7
MEL,T1,5-5-5-5-5-6
MEL,T2,10_2-4-5-5-5-6_2
MEL,T3,10_3-5-5-5-5-5_2
MEL,T4,10_2-5-5-5_2-6-6_2
MEL,T5,4-5-5-5-6-8_2
MEL,T6,10-10-4-5_2-6_2-6_2
MEL,T7,10_2-5-5-5-5-5_2
MEP,T1,5-5-5-5-5-6
MEP,T2,5-5-5-5-5-5
MEP,T3,5-5-5-5-6-6
MER,T1,4-4-4-8-8-8_2
MFI,T1,10_2-5-5-5-5_2-6
MFI,T2,10_3-5-5-5-5-5_2
MFI,T3,10_3-5-5-5-5-5_2
MFI,T4,5-5-5-5-5_2-6
MFI,T5,10_3-5-5-5-5-6_2
MFI,T6,10_3-5-5-5-5-5_2
MFI,T7,10-10-5-5_2-6_2-6_2
MFI,T8,5-5-5-5-5-6
MFI,T9,10_3-4-5-5-5-6_2
MFI,T10,10_2-4-5-5-5-6_2
MFI,T11,5-5-5-5-6-6_2
MFI,T12,10_2-5-5-5_2-6_2-6_2
MFS,T1,5-5-5-5-5-8_2
MFS,T2,10-4-5-5-5_2-8
MFS,T3,10_2-5-5-5-5-5
MFS,T4,5_2-5_2-6-6-8-8
MFS,T5,*-5-5-5_2-5_2-6
MFS,T6,10-4-4-5-5-8_2
MFS,T7,*-5-5-5-5-6_2
MFS,T8,10_2-5-5-5-5-5_2
MON,T1,4-5-5-5_2-8_2-8_2
MOR,T1,12-5-5-5-5_2-8
MOR,T2,5-5-5-5-5_2-8
MOR,T3,4-5-5-5_2-8_2-8_2
MOR,T4,4-5-5-5_2-8-8
MOZ,T1,4-4-4-6-6-8
MOZ,T2,4-4-4-6-6-8
MOZ,T3,4-4-4-6-6-8
MOZ,T4,12-4-4-6-8_3-8_3
MOZ,T5,4-4-6-8-8_3-8_3
MOZ,T6,4-4-6-8-8-8
MRE,T1,5-6-6-6_2-6_2-6_2
MRE,T2,4-5-5-6-6_2-6_2
MRE,T3,5-5-6-6-6-6_2
MRE,T4,5-5-6_2-6_2-6_2-6_2
MRT,T1,4-4-4-6-8-8
MRT,T2,4-4-4-6-8-8
MRT,T3,4-4-6-8_2-8_2-8_2
MRT,T4,4-4-6-8_2-8_2-8_2
MSE,T1,4-4-5-5-6-6
MSE,T2,10-4-4-5-5-6
MSE,T3,10-5-5_2-6-6-6
MSE,T4,10-4-5-5-5-5_2
MSE,T5,10-5-5-5-5_2-6
MSE,T6,10-4-4-5-5-6
MSE,T7,4-5-5-5-6-6
MSE,T8,4-5-5-5_2-6-6
MSO,T1,4-4-6-6-6-6_2
MSO,T2,4-4-6-6-6_2-6_2
MSO,T3,6-6-6-6_2-6_2-6_2
MTF,T1,4-5-5-5-6-8
MTF,T2,5-5-5-5_2-6-8
MTF,T3,5-5-5-6-7-8
MTF,T4,5-5-5-6-6-6
MTF,T5,5-5-5-6-6_2-7
MTF,T6,5-5-5-5-5_2-6
MTN,T1,5-5-5-5-5-6
MTN,T2,5-5-5-5-5-5
MTN,T3,5-5-5-5-5-5
MTT,T1,10_2-5-5-5-5-6
MTT,T2,5_2-6-6-6_2-6_2-6_2
MTT,T3,10_2-5-5-5-5-6_2
MTT,T4,*-5-5-5-5-6_2
MTT,T5,5_2-6-6-6_2-6_2-6_2
MTT,T6,10_2-5-5-5-5-6_2
MTT,T7,*-10_2-5-5-5-5
MTW,T1,4-5-5-6-6-6_2
MTW,T2,4-5-5-6-6-6_2
MTW,T3,5-5-5_2-6-6-6
MTW,T4,5-5-6-6-6-6_2
MTW,T5,5-5-5_2-6-6_2-6_2
MTW,T6,12_6-5-5-6_2-6_2-6_2
MTW,T7,12_6-5-5-5-5-6
MVY,T1,4-6-6-6_2-6_2-6_3
MVY,T2,10_6-4-4-6_2-6_3-6_3
MWF,T1,4-4-4-8-8-8_2
MWF,T2,4-4-4-8-8-8_2
MWF,T3,4-4-4-8-8-8_2
MWF,T4,4-4-4-8-8-8_2
MWF,T5,4-4-4-6-8-8
MWF,T6,4-4-4-8-8-8_2
MWF,T7,4-4-4-8-8-8_2
MWF,T8,4-4-4-8-8-8_2
MWF,T9,4-4-4-8-8-8_2
MWF,T10,4-4-4-6-8-8
MWF,T11,4-4-4-8-8-8_2
MWF,T12,4-4-4-8-8-8_2
MWF,T13,4-4-4-8-8-8_2
MWF,T14,4-4-4-8-8-8_2
MWF,T15,4-4-4-8-8-8_2
MWF,T16,4-4-4-8-8-8_2
MWW,T1,4_2-5-5-5-5-6
MWW,T2,10_2-5-5-5-5-6
MWW,T3,10_2-4-4-5-5-6
MWW,T4,10_2-4-5_2-5_2-6_2-6_2
MWW,T5,4-5-5-5-6_2-6_2
MWW,T6,10_4-10_4-10_4-4-4-4
MWW,T7,4-4-4-6_2-6_2-6_2
MWW,T8,5-5-5-6_2-6_2-6_2
NAB,T1,3-4-8-8-9_4-9_4
NAB,T2,3-3-9_4-9_4-9_4-9_4
NAT,T1,4-4-4_2-8_2-8_2-8_4
NAT,T2,4_2-4_2-8_4-8_4-8_4-8_4
NES,T1,10-4-5-5-5_2-6
NES,T2,10-5-5-5-5-6_2
NES,T3,*-12_2-5-5-5_2-5_2
NES,T4,5-5-5-5-5-6_2
NES,T5,10-4-5-5-5-5
NES,T6,5-5-5-5_2-6-6
NES,T7,*-12_6-5-5-5-5
NON,T1,5-5-5-6-6-6
NON,T2,5-5-5-6-6-6_2
NON,T3,4-5-5-5-5-6
NON,T4,5-5-5-5_2-6-6
NON,T5,*-12_2-5-5-5-5
NPO,T1,3-6-6-6-6-6_2
NPT,T1,3-3-8-8-8-8
NPT,T2,3-4-8-8-8-8
NSI,T1,5-5-5_2-6-6-6
NSI,T2,5-5-6-6-6_2-8_2
NSI,T3,5-5-5-5-6-8_2
OBW,T1,10-3-3-8-8-8
OBW,T2,10-10-3-3-8-8
OBW,T3,3-3-8-8-8-8
OBW,T4,3-4-8-8-8-8
OBW,T5,10-10-10-10-3-3
OFF,T1,4-4-4-6-6-8
OFF,T2,4-4-6-6-8-8
OKO,T1,10-5-5-5-5_2-6
OKO,T2,10-5-5-5-5-5_2
OKO,T3,5-5-5-5-5_2-6
OKO,T4,10-5-5-5-5-6_2
OKO,T5,10-5-5-5-5-5_2
OKO,T6,10-4-5-5-5-5
OKO,T7,*-12_6-5-5-5-5
OKO,T8,*-12_2-5-5-5_2-5_2
OKO,T9,5-5-5-5-5-5_2
OKO,T10,*-12_2-5-5-5_2-5_2
OKO,T11,5-5-5-5-5-6_2
OSI,T1,4-4-6-6-6-6_2
OSI,T2,4-6_2-6_2-6_2-6_2-6_2
OSI,T3,12_6-6_2-6_2-6_2-6_2-6_2
OSO,T1,14_10-3-3-8-8-8
OSO,T2,14_7-14_7-3-3-8-8
OWE,T1,4-4-4-6_2-8_2-8_3
OWE,T2,4-4-4-6_2-6_2-8_2
OWE,T3,4-6_2-6_2-8_2-8_2-8_2
PAR,T1,10_2-4-6-6-6-6
PAR,T2,4-4-6-6-6_2-8_2
PAR,T3,10-4-4-6_2-8_2-8_2
PAR,T4,4-6-6_2
PAU,T1,4-4-4-8-8-8_2
PAU,T2,4-4-4-8-8-8_2
PAU,T3,4-4-4-8-8-8_2
PAU,T4,4-4-4-8-8-8_2
PAU,T5,4-4-4-8-8-8_2
PAU,T6,4-4-4-6-8-8
PAU,T7,4-4-4-6-8-8
PAU,T8,4-4-4-8-8-8_2
PCR,T1,5-5-5-5_2-6-8
PCR,T2,5-5-5_2-6-6-8
PCR,T3,5-5-5-5-5_2-8
PCR,T4,5-5-5-5_2-6-6
PCR,T5,5-5-6-6-6_2-8
PCR,T6,10_6-12_2-5-5-5-5
PCR,T7,10_2-10_2-5-5-5_2-5_2
PCR,T8,5-5-5-5-5_2-6
PCR,T9,10_2-12_2-5-5-5_2-5_2
PCR,T10,5-5-5-5-6-6_2
PCS,T1,10-4-5-5-5-5
PCS,T2,10-5-5-5-5-5_2
PCS,T3,10-5-5-5-5-5_2
PCS,T4,10-5-5-5-5_2-6
PCS,T5,5-5-6-6-6_2-8
PCS,T6,5-5-5-5_2-6-6
PCS,T7,5-5-5-5_2-6-8
PCS,T8,5-5-5-5-5_2-8
PCS,T9,5-5-5-5-5_2-6
PCS,T10,10-5-5-5-5-6_2
PCS,T11,5-5-5_2-6-6-8
PCS,T12,0-10_6-5-5-5-5
PCS,T13,5-5-5-5-5-6_2
PCS,T14,5-5-5-5-5-5_2
PCS,T15,0-10_2-5-5-5_2-5_2
PCS,T16,0-10_2-5-5-5_2-5_2
PCS,T17,12_2-12_2-5-5-5_2-5_2
PCS,T18,10_2-12_2-5-5-5_2-5_2
PCS,T19,5-5-5-5-6-6_2
PCS,T20,12_2-12_6-5-5-5-5
PCS,T21,5-5-5-5-5_2-6
PHI,T1,4-4-4-8-8-8_2
PHI,T2,4-4-4-8-8-8_2
PON,T1,4-4-6-6-6-8
PON,T2,10_7-4-4-6-6-6_2
PON,T3,4-4-6-6_2-6_3-6_4
PON,T4,10_7-4-6-6-6_2-6_4
PON,T5,4-4-4-6-6-6_3
PON,T6,4-4-6-6-6_2-8
POR,T1,4-4-4-6-8-8_2
POR,T2,4-6_2-6_2-8_-8_2-8_2
POR,T3,4-4-4-6-8-8_2
POR,T4,4-4-4-6-6_3-8_3
POS,T1,11-5-5-5-6-6_2
POS,T2,11_2-4-4-4-5-5
POS,T3,11_2-4-4-4-6-6_2
POS,T4,4-5_2-6-6-6_2-6_2
POS,T5,4-5-5-5-6_2-6_2
PSI,T1,4-6-6_2-6_2-6_3-6_3
PSI,T2,4-6-6_2-6_2-6_3-6_3
PSI,T3,6-6_2-6_2-6_2-6_2-6_2
PSI,T4,4-6-6_2-6_2-6_3-6_3
PSI,T5,4-6-6_2-6_2-6_3-6_3
PSI,T6,4-6-6_2-6_2-6_3-6_3
PSI,T7,6-6_2-6_2-6_2-6_2-6_2
PSI,T8,6-6_2-6_2-6_2-6_2-6_2
PSI,T9,4-6-6_2-6_2-6_3-6_3
PTT,T1,4-4-4-6-6-8
PTT,T2,4-4-6-6-6-8
PTY,T1,4-4-5-5-5-8
PTY,T2,4-4-5-5-5-8
PTY,T3,10-4-5-5-8-8
PTY,T4,10-4-4-5-5-5
PTY,T5,10-12-4-5-5-5_2
PUN,T1,10-10_2-3-4-4-8
PUN,T2,10-10_2-3-4-4-8
PUN,T3,10-10-4-4-4-8
PUN,T4,10-10-4-4-4-8
PUN,T5,10-10-10_2-10_2-3-3
PWN,T1,4-4-4-8-8-8_2
PWN,T2,4-4-4-6-8-8
PWN,T3,4-4-4-8-8-8_2
PWO,T1,4-4-5-5-5-9
PWO,T2,4-4-5-5-5-9
PWO,T3,4-4-5-5-5-9
PWO,T4,4-5-5-9-9-9_2
PWO,T5,12-4-5-5-5_2-9
PWW,T1,4-4-5-5-5-8
PWW,T2,10-4-4-5-5-5
PWW,T3,4-4-5-5-5-8
PWW,T4,10-4-5-5-8-8
PWW,T5,0-10-4-5-5-5_2
RHO,T1,4-4-4-6-8-8
RON,T1,*-*-10_4-10_4-3-4
RON,T2,4-4-6-6-6-6
RON,T3,10_2-10_2-10_4-4-4-6_2
RON,T4,3
RRO,T1,10_4-4-5-5-8-8
RRO,T2,4-4-5-5-5-8
RRO,T3,10_3-4-5-5-5-5
RRO,T4,4-4-5-5-5-8
RRO,T5,10-10_3-5-5-5_2-5_2
RSN,T1,3-4-8_3-8_3-9_4-9_4
RSN,T2,4-4-6_2-6_2-8-8
RSN,T3,3-4-8_2-8_2-9_4-9_4
RSN,T4,4-5-5-5_2-8-8
RSN,T5,3-3-9_4-9_4-9_4-9_4
RTE,T1,4-4-5-5-6-6
RTE,T2,4-4-5-6-6-8
RTE,T3,4-5-5-6-6-8
RTH,T1,4-5-5-6-6-8
RTH,T2,4-4-5-5-8-8
RTH,T3,4-4-5-5-5-6
RTH,T4,4-4-5-5-5-8
RUT,T1,4-4-5-5-6-8
RUT,T2,4-4-5-5-6-6
RUT,T3,4-5-5-6-6-6
RUT,T4,4-5-5-5-6-8
RUT,T5,5-5-6-6-6-6
RWR,T1,5-5-5-6-6-6_2
RWR,T2,4-5_2-6_2-6_2-8-8
RWY,T1,12-12-3-3-3-8
SAF,T1,4-6_2-6_2-6_2-6_3-6_3
SAF,T2,4-6-6_2-6_2-6_3-6_3
SAF,T3,6-6_2-6_2-6_2-6_2-6_2
SAF,T4,4-6-6_2-6_2-6_3-6_3
SAO,T1,12_4-4-4-4-6_2-6_3
SAO,T2,12_5-4-4-4-6-6_3
SAO,T3,12_6-4-4-4-6-6
SAO,T4,12_5-4-4-6-6-6_2
SAS,T1,4-4-6-6-6-8
SAS,T2,4-4-4-6-6-6
SAT,T1,4-4-6-6-6-8
SAT,T2,4-4-4-6-6-8
SAV,T1,4-4-4-6-8-8
SAV,T2,4-4-4-6-8-8
SAV,T3,4-4-4-6-8-8
SBE,T1,4-4-4-6-8-8_7
SBE,T2,12-4-4-4-6-8
SBE,T3,4-4-4-6-6_2-8
SBE,T4,4-4-4-6_2-8_2-8_4
SBN,T1,3-4_2-8-8-8-8
SBN,T2,4-4-4-8_2-8_2-8_2
SBS,T1,12_6-4-4-4-6_2-8_4
SBS,T2,4-4-4-6-6_2-8
SBS,T3,12-4-4-4-6-6
SBS,T4,4-4-4-6-6-8_7
SBT,T1,12-4-4-4-6-6
SBT,T2,12_6-4-4-4-6_2-8_4
SBT,T3,4-4-4-6-6_2-8
SBT,T4,4-4-4-6-6-8_7
SEW,T1,12-4-5-5-6-6_2
SEW,T2,4-5-5-6-6-6_2
SEW,T3,12-4-4-5-6-6_2
SEW,T4,12-4-4-5-6_2-6_2
SEW,T5,10-4-4-5-5-6
SEW,T6,10-4-4-4-5-6
SEW,T7,10-4-4-5-5-5
SEW,T8,5-5-5-5-6_2-6_2
SEW,T9,4-4-5-6_2-6_2-6_2
SEW,T10,5-6-6-6_2-6_2-6_2
SEW,T11,10_2-5-6_2-6_2-6_2-6_2
SFE,T1,12_2-5-5-5-5-6_2
SFE,T2,12_2-4-4-5-5-6
SFE,T3,*-12_2-4-4-5-5
SFE,T4,*-5-5-5-5-6_2
SFE,T5,5_2-6-6-6_2-6_2-6_2
SFE,T6,5_2-6-6-6_2-6_2-6_2
SFE,T7,12_2-5-5-5-5-6
SFF,T1,5-5-5-5_2-6-6
SFF,T2,5-5-5-5_2-6-6
SFF,T3,10-4-5-5-5-6
SFF,T4,10-4-5-5-5-6
SFF,T5,10-4-5-5-5-6
SFF,T6,4-5-5-5-5-6_2
SFF,T7,4-5-5-5-5-6
SFF,T8,10-4-5-5-5-6
SFG,T1,5-5-6-6-6_2-7
SFG,T2,4-5-5-6-6_2-7_2
SFG,T3,5-5-6-6-6-6_2
SFG,T4,10-4-4-5-6_2-6_2
SFG,T5,5-5_2-6-6-6_2-6_2
SFG,T6,5-5_2-6_2-6_2-6_2-6_2
SFG,T7,4-5-5-6-6_2-6_2
SFG,T8,10_2-4-4-5-6-6_2
SFG,T9,5-5-6-6-6_2-7_2
SFG,T10,5-5_2-6_2-6_2-6_2-6_2
SFG,T11,4-4-5-6-6-6_2
SFG,T12,10_2-4-4-5-6_2-6_2
SFH,T1,4-5-5-6-6-6_2
SFH,T2,*-14_6-4-4-5-5
SFH,T3,5-5-5_2-6-6_2-6_2
SFH,T4,14_6-4-4-5-5-6
SFH,T5,4-5-5-6-6-6_2
SFH,T6,5-5-5_2-6-6-6
SFH,T7,14_6-5-5-6_2-6_2-6_2
SFH,T8,5-5-6-6-6-6_2
SFN,T1,4-5-5-6-6-6_2
SFN,T2,4-5-5-6-6-6_2
SFN,T3,14_6-5-5-6_2-6_2-6_2
SFN,T4,5-5-5_2-6-6-6
SFN,T5,5-5-6-6-6-6_2
SFN,T6,5-5-5_2-6-6_2-6_2
SFN,T7,*-14_6-4-4-5-5
SFN,T8,14_6-4-4-5-5-6
SFO,T1,12-4-4-6-6-6
SFO,T2,4-4-4-6_3-8-8
SFO,T3,12-4-4-4-6-6_3
SFO,T4,4-4-4-6-6_2-8
SFS,T1,10-5-5-5_2-6_2-6_2
SFS,T2,5-5-5-5-6-6_2
SFS,T3,5-5-5-5-5-6
SFS,T4,5-5-5-5-5_2-6
SFS,T5,10_2-12-4-5-5-6_2
SFS,T6,12_2-5-5-5-5_2-6
SFS,T7,10-12-4-5-5_2-6_2
SFS,T8,10_2-4-4-5-5-6_2
SFS,T9,10_2-4-4-5-5-6_2
SFS,T10,10-5-5-5-5-5_2
SFS,T11,10-5-5-5-5-6_2
SFS,T12,12_2-5-5-5-5-5_2
SFS,T13,10_2-4-4-5-5-5
SFS,T14,10_2-4-4-5-5-5
SFV,T1,10_2-4-5-5-5-8_2
SFV,T2,10_2-4-5-5-5-8_2
SFV,T3,10-5-5-5-5-5_2
SFV,T4,10_2-5-5-5_2-6-6_2
SFV,T5,10_2-5-5-5_2-6-6_2
SFV,T6,10_2-5-5-5-5-5_2
SFV,T7,10-5-5-5-5-5_2
SFV,T8,10-12-4-5_2-6_2-6_2
SFV,T9,4-5-5-5-6-8_2
SFV,T10,5-5-5-5-5-6
SFV,T11,4-5-5-5-6-8_2
SFV,T12,12_2-5-5-5_2-6-6_2
SFV,T13,4-5-5-5-6-8_2
SFV,T14,5-5-5-5-5-6
SFV,T15,10-4-4-5-5-6
SFV,T16,4-4-5-5-5-8
SFV,T17,10-4-4-5-5-6
SFV,T18,10_2-4-5-5-5-6_2
SFV,T19,10-12-4-5_2-6_2-6_2
SFV,T20,4-4-5-5-5-8
SFV,T21,12_2-5-5-5_2-6-6_2
SFV,T22,10_2-5-5-5-5-5_2
SFV,T23,10_2-5-5-5-5-5_2
SFV,T24,10_2-5-5-5-5-5_2
SFV,T25,10_2-5-5-5_2-6-6_2
SFV,T26,10_2-4-4-5-5-6_2
SFV,T27,10_2-5-5-5_2-6-6_2
SFV,T28,10_2-5-5-5_2-6-6_2
SFV,T29,10_3-5-5-5-5-5_2
SFV,T30,10_2-4-5-5-5-6_2
SFV,T31,10_2-4-5-5-5-6_2
SFV,T32,10_2-4-5-5-5-6_2
SFV,T33,10_2-5-5-5_2-6-6_2
SFV,T34,10_2-4-4-5-5-5
SFV,T35,5-5-5-5-5-6
SFV,T36,5-5-5-5-5-6
SFV,T37,10_2-5-5-5-5-5_2
SFV,T38,10_2-4-5-5-5-6_2
SFV,T39,10_3-5-5-5-5-5_2
SFV,T40,10_3-5-5-5-5-5_2
SFV,T41,10-10-4-5_2-6_2-6_2
SFV,T42,10_2-4-4-5-5-6_2
SFV,T43,4-5-5-5-6-8_2
SFV,T44,5-5-5-5-5-6
SFV,T45,10_2-5-5-5_2-6-6_2
SFV,T46,10_3-5-5-5-5-5_2
SFV,T47,10_2-5-5-5-5-5_2
SFV,T48,10_2-4-5-5-5-6_2
SFV,T49,10_2-5-5-5-5-5_2
SFV,T50,10_2-5-5-5_2-6-6_2
SFV,T51,10_3-5-5-5-5-5_2
SFV,T52,10-10-4-5_2-6_2-6_2
SFV,T53,10_2-5-5-5-5-5_2
SFV,T54,10_3-5-5-5-5-5_2
SFV,T55,10_2-5-5-5_2-6-6_2
SFV,T56,10_2-4-5-5-5-6_2
SFV,T57,10_2-4-5-5-5-6_2
SFV,T58,10_2-5-5-5_2-6-6_2
SFV,T59,5-5-5-5-5-6
SFV,T60,10_3-5-5-5-5-5_2
SFV,T61,10-10-4-5_2-6_2-6_2
SFV,T62,5-5-5-5-5-6
SFV,T63,5-5-5-5-5-6
SFV,T64,10-10-4-5_2-6_2-6_2
SFV,T65,4-5-5-5-6-8_2
SFV,T66,10_2-4-4-5-5-5
SFV,T67,10_3-5-5-5-5-5_2
SFV,T68,10_2-4-5-5-5-6_2
SFV,T69,10_2-4-5-5-5-6_2
SFV,T70,4-5-5-5-6-8_2
SFV,T71,5-5-5-5-5-6
SFV,T72,10_3-5-5-5-5-5_2
SFV,T73,10-10-4-5_2-6_2-6_2
SFV,T74,4-5-5-5-6-8_2
SFV,T75,5-5-5-5-5-6
SFV,T76,4-5-5-5-6-8_2
SFV,T77,10_2-4-5-5-5-6_2
SFV,T78,10_2-5-5-5_2-6-6_2
SFV,T79,10_3-5-5-5-5-5_2
SFV,T80,10_3-5-5-5-5-5_2
SFV,T81,4-5-5-5-6-8_2
SFV,T82,5-5-5-5-5-6
SFV,T83,10_2-5-5-5_2-6-6_2
SFV,T84,4-5-5-5-6-8_2
SFV,T85,5-5-5-5-5-6
SFV,T86,5-5-5-5-5-6
SFV,T87,10_2-4-5-5-5-6_2
SFV,T88,4-5-5-5-6-8_2
SFV,T89,5-5-5-5-5-6
SFV,T90,10_3-5-5-5-5-5_2
SFV,T91,4-5-5-5-6-8_2
SFV,T92,10_2-4-5-5-5-6_2
SFV,T93,10_3-5-5-5-5-5_2
SFV,T94,4-5-5-5-8_2-8_3
SFV,T95,4-5-5-5-8_2-8_3
SFV,T96,10_2-5-5-5_2-6-6_2
SFV,T97,5-5-5-5-5-6
SFV,T98,10-10-4-5_2-6_2-6_2
SFV,T99,4-5-5-5-6-8_2
SFW,T1,4-4-4-6-8-8
SFW,T2,4-4-4-6-8-8
SFW,T3,4-4-4-6-8-8
SGT,T1,4-5-5-5-5-6
SGT,T2,4-5-5-5-5-6
SGT,T3,4-5-5-5-5-6
SGT,T4,5-5-5-6-6-6
SIV,T1,4-4-4-8-8-8_2
SIV,T2,4-4-4-8-8-8_2
SIV,T3,4-4-4-8-8-8_2
SIV,T4,4-4-4-8-8-8_2
SOD,T1,4-4-6-6-6-6
SOF,T1,4-4-4-5-9-9
SOF,T2,4-4-4-5-9-9
SOF,T3,4-4-4-5-5-9
SOF,T4,4-4-4-5-5-9
SOF,T5,5-5-5-5-9-9
SOR,T1,4-4-4-5-6-8_2
SOR,T2,4-4-4-5-6-8_2
SOR,T3,5-5-5_2-6-8-8
SOR,T4,12_4-5-5-6-8_3-8_3
SOS,T1,12-4-4-8-8-8_4
SOS,T2,3-4-6_2-6_2-8-8_7
SOS,T3,*-3-3-4-6_2-8_2
SOV,T1,12_5-5-5-5_2-6-6
SOV,T2,12_6-4-4-4-5-6
SOV,T3,12_6-4-4-4-5-6
SOV,T4,12_6-4-4-4-5-5
SOV,T5,12_3-5-5-5-6-6_2
SOV,T6,10-4-4-4-6-6_2
SOV,T7,4-5-5-5_2-6-6
SOV,T8,4-5_2-6-6-6_2-6_2
SOV,T9,4-5-5-5_2-6-6
SOV,T10,4-5-5-5-6_2-6_2
SSF,T1,4-4-5-6-6-6_2
SSF,T2,5-5-6-6-6-6_2
SSF,T3,12_4-4-4-6-6_2-6_2
SSF,T4,5_2-6-6_2-6_2-6_2-6_2
SSO,T1,5-5-6-6-6-6_2
SSO,T2,18_6-5-5-6_2-6_2-6_2
SSO,T3,18_6-5-5-5-5_2-6
SSO,T4,*-*-*-5-5-5_2
SSO,T5,4-5-5-6-6-6_2
SSO,T6,5-5-6-6-6-6_2
SSO,T7,18_6-5-5-6_2-6_2-6_2
SSO,T8,18_6-5-5-5-5_2-6
SSO,T9,*-*-*-5-5-5_2
SSO,T10,4-5-5-6-6-6_2
SSO,T11,5-5-5_2-6-6-6
SSO,T12,5-5-5_2-6-6_2-6_2
SSO,T13,*-18_6-5-5-5-5
SSO,T14,*-18_6-5-5-5-5_2
SSO,T15,5-5-5_2-6-6-6
SSO,T16,5-5-5_2-6-6_2-6_2
SSO,T17,18_6-5-5-5-5-5
SSO,T18,18_6-5-5-5-5-5_2
SSO,T19,4-5-5-6-6-6_2
SSO,T20,4-5-5-6-6-6_2
SSY,T1,12_2-5-5-5-5-6_2
SSY,T2,12_2-4-4-5-5-6
SSY,T3,5_2-6-6-6_2-6_2-6_2
SSY,T4,*-12_2-4-4-5-5
SSY,T5,5_2-6-6-6_2-6_2-6_2
SSY,T6,*-5-5-5-5-6_2
SSY,T7,*-12_2-5-5-5-5
SSY,T8,12_2-5-5-5-5-6_2
STF,T1,5-5-5-5_2-6-6
STF,T2,10-4-5-5-5-6
STF,T3,10-4-5-5-5-6
STF,T4,4-5-5-5-5-6
STF,T5,4-5-5-5-5-6_2
STI,T1,4-4-5-5-6-6_2
STI,T2,4-5-5-8-8_2-8_2
STI,T3,4-4-4-5-5-8
STI,T4,10-10-5_2-5_2-6-6
STO,T1,5-5-6-6_2-6_2-8_2
STO,T2,5-5-6-6-6_2-6_2
STO,T3,5-5-6-6-6-6_2
STO,T4,5-6-6-6-6_2-6_2
STO,T5,5-6-6-6-6_2-6_2
STO,T6,5-5-6-6-6_2-6_2
STO,T7,5-5-6-6-6-6_2
STO,T8,5-5-6_2-6_2-6_2-6_2
STO,T9,5-5-6-6-6-6_2
STO,T10,5-6-6-6-6_2-6_2
STO,T11,5-6-6-6-6_2-6_2
STO,T12,4-5-6-6-6_3-6_3
STO,T13,4-5-6-6_2-6_3-6_3
STO,T14,4-5-6-6-6-6_2
STO,T15,4-5-6-6-6-6_2
STO,T16,4-5-5-6-6_2-6_2
STO,T17,4-5-6-6-6_3-6_3
STO,T18,4-5-6-6-6_2-6_2
STO,T19,4-5-5-6-6_2-6_2
STO,T20,4-5-6-6_2-6_3-6_3
STO,T21,4-5-6-6-6_2-6_2
STO,T22,4-5-5-6-6_2-6_2
STO,T23,4-5-5-6-6_2-6_2
STO,T24,4-4-5-5-6-6_2
STO,T25,4-4-5-6-6-6_2
STO,T26,4-4-5-6-6-6_2
STO,T27,4-4-5-6-6-6_2
STO,T28,4-4-5-6-6-6_2
STT,T1,4-5-5-6-7-9
STT,T2,4-4-5-6-7-9
STT,T3,4-5-5-6-6-7
STT,T4,4-4-5-5-5-6
STT,T5,4-4-4-5-7-9
STT,T6,4-4-5-5-7-9
STT,T7,4-4-5-6-6-7
STT,T8,4-4-5-5-6-9
STT,T9,4-5-5-5-5-6
STT,T10,4-4-5-5-6-6
STT,T11,5-5-5_2-6-6-6
STT,T12,4-4-5-5-5-9
STT,T13,4-4-5-5-6-9
STT,T14,5-5-5-5-6-7
STT,T15,4-5-5-5-6-9
STT,T16,4-5-5-5-5-6_2
STW,T1,10-4-4-4-5-8
STW,T2,10-4-4-4-5-8
STW,T3,4-4-4-5-5-8
STW,T4,10-4-4-4-5-5
STW,T5,10-5-5-5-5-8
SVR,T1,*-*-*-10-5-5_2
SVR,T2,5-5-5-5-5_2-6
SVR,T3,10-10-5-5-5-5_2
SVR,T4,10_2-4-5-5-5-6
SVR,T5,*-*-*-5-5-5
SVR,T6,10_3-12_3-5-5-5-6_2
SVR,T7,10_2-4-5-5-5-6
SVR,T8,10_2-5-5-5-5-5_2
SVR,T9,10_2-11-5-5-5-5_2
SVR,T10,10_2-5-5-5-5-5_2
SVR,T11,10-5-5-5-5-5
SVR,T12,10_2-5-5-5-6-6
SVR,T13,*-*-*-5-5-5
SVR,T14,10_2-5-5-5-6-6
SVR,T15,10_2-4-5-5-5-6
SVR,T16,10-5-5-5-5-6
SVR,T17,10_2-5-5-5-5-6
SVR,T18,10_2-4-5-5-5-6
SVR,T19,10-5-5-5-5-5_2
SVR,T20,10_3-5-5-5-5-5_2
SVR,T21,10_3-12_3-5-5-5-5_2
SVR,T22,*-*-*-5-5-5
SVR,T23,10_2-5-5-5_2-6-6
SVV,T1,4-5-5-5-6-8
SVV,T2,4-4-5-5-6-8
SVV,T3,4-5-5-6-6-6
SVV,T4,4-4-5-5-6-6
SVV,T5,5-6-6-6-6-6
SVV,T6,4-4-4-6-6-6
SVV,T7,4-4-4-6-6-6
SVY,T1,12-4-5_2-5_2-6_2-6_2
SVY,T2,12-4-5-5_2-6_2-6_2
SVY,T3,4-5-5-5-6_2-6_2
SVY,T4,4-5-5-5-6_2-6_2
SVY,T5,4_2-5-5-5-5-6
SVY,T6,4_2-5-5-5-5-6
SVY,T7,*-*-*-5-5-6
SVY,T8,4_2-5-5-5-5-6
SVY,T9,10_2-5-5-5-5-6
SVY,T10,10_2-5-5-5-5-6
SVY,T11,10_2-5-5-5-5-6
SVY,T12,10_2-5-5-5-5-6
SVY,T13,10_2-4-4-5-5-6
SVY,T14,10_2-4-4-5-5-6
SVY,T15,10_2-4-4-5-5-6
SVY,T16,10_2-4-4-5-5-6
SVY,T17,*-*-*-4-4-4
SVY,T18,5-5-5-6_2-6_2-6_2
SVY,T19,4-4-4-6_2-6_2-6_2
SVY,T20,5-5-5-6_2-6_2-6_2
SVY,T21,5-5-5-6_2-6_2-6_2
SVY,T22,14_2-14_2-14_2-4-4-4
SVY,T23,14_2-14_2-14_2-4-4-4
SVY,T24,4-4-4-6_2-6_2-6_2
SVY,T25,4-4-4-6_2-6_2-6_2
SVY,T26,5-5-5-6_2-6_2-6_2
SVY,T27,5-5-5-6_2-6_2-6_2
SWY,T1,4-4-6-6-8-8
SWY,T2,4-4-4-6-6-8
SWY,T3,4-4-4-6-6-8
SYT,T1,4-4-4-6-6-8
SYT,T2,24_384-4-4-4-6-6
SYT,T3,4-4-4-6-6-8
SYT,T4,24_768-4-4-4-8-8
SYT,T5,4-4-4-6-6-8
SYT,T6,4-4-4
SZR,T1,4-4-5-6-6-8_2
SZR,T2,5-5-5_2-6-8-8
SZR,T3,4-4-5-5-6-8_2
SZR,T4,10_2-10_4-5-5-5-5
TER,T1,4-5-5-5-6-6_2
TER,T2,10_3-4-5-5-5-6_2
TER,T3,10_6-4-5-5-6_3-6_3
TER,T4,10_4-10_4-4-5-5-5_2
TER,T5,4-5-5-5_2-6-6
TER,T6,10_2-4-5-5-6_3-6_3
TER,T7,10_2-5-5-5_2-6-6
TER,T8,10-10_4-5-5-6_2-6_2
THO,T1,4-4-4_2-8_3-8_3-8_4
THO,T2,4-4-4_2-8_3-8_3-8_4
THO,T3,4_2-4_2-8_4-8_4-8_4-8_4
TOL,T1,4-4-6-6-6-6
TOL,T2,4-4-6-6-6-6
TOL,T3,4-4-6-6-6-6
TOL,T4,4-4-6-6-6-6
TOL,T5,4-4-6-6-6-6
TOL,T6,4-4-6-6-6-6
TOL,T7,4-4-6-6-6-6
TON,T1,5_2-6-6-6_2-6_2-6_2
TON,T2,10_2-5-5-5-5-6
TON,T3,10_2-5-5-5-5-6_2
TON,T4,*-5-5-5-5-6_2
TSC,T1,4-4-4-6-6-8
TSC,T2,4-4-4-6-8-8
TUN,T1,10-5-5-5-5-5_2
TUN,T2,5-5-5-5-5_2-6
TUN,T3,10_3-5-5-5-5-5_2
TUN,T4,5-5-5-5-6-6_2
TUN,T5,10_3-5-5-5-5_2-6
TUN,T6,10_2-5-5-5_2-6-6_2
TUN,T7,5-5-5-5-5-6
TUN,T8,*-10-5_2-5_2-6_2-6_2
TUN,T9,12_2-5-5-5_2-6-6_2
TUN,T10,10-5-5-5-5-5_2
TUN,T11,5-5-5-5-5_2-6
TUN,T12,*-10_2-5-5-5_2-5_2
TUN,T13,10_3-5-5-5-5_2-6
TUN,T14,10-5-5-5-5_2-6
TUN,T15,10_3-5-5-5-5-5_2
TUN,T16,12_2-4-5-5_2-6-6_2
TUN,T17,10_2-4-5-5-6-6_2
TUN,T18,4-5-5-5-6_2-8_2
TUN,T19,4-5-5-5-5-8_2
TUN,T20,10-10-4-5-5_2-6
TUN,T21,10-4-5-5-5-6_2
TUN,T22,10-4-5-5-5-5_2
TUN,T23,10-10-4-5-5-6
TUN,T24,10-10_2-4-4-5-5
UEI,T1,4-4-6-6_2-8_2-8_3
UEI,T2,4-4-4-6-8-8_3
UEI,T3,4-4-6-6-8-8_2
UFI,T1,4-4-4-6-6-8
UFI,T2,4-4-5-5-6-8
UFI,T3,4-4-5-6-6-8
UOE,T1,4-4-4-5-6-8_2
UOE,T2,4-4-4-5-6-8_2
UOE,T3,5-5-5_2-6-8-8
UOE,T4,10_4-5-5-6-8-8
UOS,T1,4-4-4-5-6-8_2
UOS,T2,4-4-4-5-6-8_2
UOS,T3,5-5-5_2-6-8-8
UOS,T4,10_4-5-5-6-8-8
UOV,T1,10-5-5-5_2-6-6
UOV,T2,10-5-5-5-5_2-6
UOV,T3,10-4-4-4-5-6
UOV,T4,4-5-5-5-5_2-6
UOV,T5,12_7-4-5-5-6-6_2
UOV,T6,10-4-4-4-5-6
UOV,T7,12_7-4-5-5-5-6_2
UOV,T8,4-4-5-5-6-8_2
UOV,T9,5-5-6-6-6-6_2
UOV,T10,12_7-4-4-5-5-6_2
UOV,T11,5-5-5-6-6_2-8
UOV,T12,12_7-4-4-5-5-6_2
UOV,T13,4-4-5-6-6_2-8_2
UOV,T14,10-4-4-4-6_2-6_2
UOV,T15,10_2-4-5-5-6-6_2
UOV,T16,10_2-4-5-5-6-6_2
UOV,T17,10-4-4-4-6-6_2
UOV,T18,10_4-4-4-4-6-6_2
UOV,T19,10_4-4-4-4-6-6_2
UOV,T20,4-5-5-5_2-6-6
UOV,T21,4-5-5-5_2-6-6
UOV,T22,4-5_2-6_2-6_2-6_2-6_2
UOV,T23,4-5_2-6-6-6_2-6_2
UOV,T24,4-5_2-6-6-6_2-6_2
UOV,T25,4-5_2-6-6-6_2-6_2
UOZ,T1,4-4-4-6-6-6
UOZ,T2,4-4-4-6-6-6
UOZ,T3,6-6-6-6-6-6
UOZ,T4,12_8-12_8-6-6-6_2-6_2
USI,T1,10-12_2-4-4-6_2-6_2
USI,T2,12_2-4-4-4-6_3-6_3
USI,T3,4-4-4-6-6-6_2
USI,T4,10-10-4-4-6_3-6_3
USI,T5,4-4-4-6-6-6
UTL,T1,12-4-4-4-5-5
UTL,T2,12-4-4-4-5-5
UTL,T3,12-5-5-5-5_2-6
UTL,T4,12-5-5-5-5-5_2
UTL,T5,5-5-5-5-5_2-6
UTL,T6,12-5-5-5-5-6_2
UTL,T7,12-5-5-5-5-5_2
UTL,T8,*-14_6-5-5-5-5
UTL,T9,*-14_2-5-5-5_2-5_2
UTL,T10,5-5-5-5-5-5_2
UTL,T11,*-14_2-5-5-5_2-5_2
UTL,T12,5-5-5-5-5-6_2
UWY,T1,10-4-4-4-5-6_2
UWY,T2,10_2-4-4-4-6-6_2
UWY,T3,10-4-4-4-6_2-6_2
UWY,T4,10_3-5-5-5-6-6_2
UWY,T5,10-5-5-6-6-6_2
UWY,T6,10_2-4-5-5-6_2-6_2
UWY,T7,4-5-5-5-6_2-6_2
UWY,T8,4-5_2-6-6-6_2-6_2
UWY,T9,4-5_2-6_2-6_2-6_2-6_2
UWY,T10,10_6-4-5-5-5-5
VET,T1,5-5-5-5-6_2-7
VET,T2,12_6-5-5-5-6-7
VET,T3,5-5-5-6-6-6_2
VET,T4,5-5-5_2-6-6-6
VET,T5,5-5-5-5-8_2-8_2
VFI,T1,4-6-6_2-6_2-6_3-6_3
VFI,T2,4-4-6-6_3-6_3-6_4
VNI,T1,4-5-5_2-8-8_2-8_2
VNI,T2,4-5-5-5_2-8-8
VNI,T3,3-4-8-8-8_2-8_2
VNI,T4,3-4-8_2-8_2-8_3-8_3
VNI,T5,3-4-8-8-8_3-8_3
VNI,T6,3-5-5-5_2-5_2-8_3
VNI,T7,3-5-5-5-5-8_2
VSV,T1,3-4-8_2-8_2-9_4-9_4
VSV,T2,4-5-5-5_2-8-8
VSV,T3,3-3-9_4-9_4-9_4-9_4
WEI,T1,10-3-4-6-8-8
WEI,T2,10-10-3-3-6-6
WEN,T1,10_2-4-4-4-6-6
WEN,T2,4-4-6-8-8-8_2
WEN,T3,8_2-8_2-8_2
YFI,T1,4-4-5-6-6_2-8
YFI,T2,5-5-5_2-6-6-6
YFI,T3,12_3-4-4-5-5-8
YFI,T4,12_5-4-4-5-6_2-8
YFI,T5,12_2-5-5-5_2-5_2-8
YFI,T6,4-5-5-5_2-6-8
YFI,T7,5-5-5-5-5_2-8
YFI,T8,5-5-5_2-6_2-6_2-8
YFI,T9,4-5-5-5_2-8-8
YUG,T1,4-5-5-5-8-8
YUG,T2,4-4-5-5-8_2-8_2
ZON,T1,4-4-6_3-8-8-8_2
ZON,T2,4-4-4-6-6_3-8
ZON,T3,4-4-6-6-6-8
ZON,T4,4-4-4-6-6_2-8
